{"x":[0,0,0,0,0,0,0,0,0,0,0,0,0,0,0,0,0,0,0,0,0,0,0,0,0,0,0,0,0,0,0,0,0,0,0,0,0,0,0,0,0,0,0,0,0,0,0,0,0,0,0,0,0,0,0,0,0,0,23,0,0],"n":23,"pi":[0.0163934426229508,0.0163934426229508,0.0163934426229508,0.0163934426229508,0.0163934426229508,0.0163934426229508,0.0163934426229508,0.0163934426229508,0.0163934426229508,0.0163934426229508,0.0163934426229508,0.0163934426229508,0.0163934426229508,0.0163934426229508,0.0163934426229508,0.0163934426229508,0.0163934426229508,0.0163934426229508,0.0163934426229508,0.0163934426229508,0.0163934426229508,0.0163934426229508,0.0163934426229508,0.0163934426229508,0.0163934426229508,0.0163934426229508,0.0163934426229508,0.0163934426229508,0.0163934426229508,0.0163934426229508,0.0163934426229508,0.0163934426229508,0.0163934426229508,0.0163934426229508,0.0163934426229508,0.0163934426229508,0.0163934426229508,0.0163934426229508,0.0163934426229508,0.0163934426229508,0.0163934426229508,0.0163934426229508,0.0163934426229508,0.0163934426229508,0.0163934426229508,0.0163934426229508,0.0163934426229508,0.0163934426229508,0.0163934426229508,0.0163934426229508,0.0163934426229508,0.0163934426229508,0.0163934426229508,0.0163934426229508,0.0163934426229508,0.0163934426229508,0.0163934426229508,0.0163934426229508,0.0163934426229508,0.0163934426229508,0.0163934426229508]}
