{"x":[0,0,0,0,0,0,0,0,0,0,0,0,0,0,0,0,0,0,0,0,0,0,0,0,0,0,0,0,0,0,0,0,0,0,0,0,0,0,1,0,0,0,0,0,0,0,0,0,0,0,0,0,0,0,5,0,0,0,0,17,0],"n":0,"pi":[0.0163934426229508,0.0163934426229508,0.0163934426229508,0.0163934426229508,0.0163934426229508,0.0163934426229508,0.0163934426229508,0.0163934426229508,0.0163934426229508,0.0163934426229508,0.0163934426229508,0.0163934426229508,0.0163934426229508,0.0163934426229508,0.0163934426229508,0.0163934426229508,0.0163934426229508,0.0163934426229508,0.0163934426229508,0.0163934426229508,0.0163934426229508,0.0163934426229508,0.0163934426229508,0.0163934426229508,0.0163934426229508,0.0163934426229508,0.0163934426229508,0.0163934426229508,0.0163934426229508,0.0163934426229508,0.0163934426229508,0.0163934426229508,0.0163934426229508,0.0163934426229508,0.0163934426229508,0.0163934426229508,0.0163934426229508,0.0163934426229508,0.0163934426229508,0.0163934426229508,0.0163934426229508,0.0163934426229508,0.0163934426229508,0.0163934426229508,0.0163934426229508,0.0163934426229508,0.0163934426229508,0.0163934426229508,0.0163934426229508,0.0163934426229508,0.0163934426229508,0.0163934426229508,0.0163934426229508,0.0163934426229508,0.0163934426229508,0.0163934426229508,0.0163934426229508,0.0163934426229508,0.0163934426229508,0.0163934426229508,0.0163934426229508]}
